"Product Name"|SKU|Category|Price|"Product URL"|Manufacturer|Image|"In Stock"|"Delivery Cost"
"Wharfedale Diamond 230"|diamond230black|"Högtalare / Golvhögtalare"|5999.0000|https://hifi-freaks.se/wharfedale-diamond-230.html|Wharfedale|https://hifi-freaks.se/media/catalog/product/d/i/diamond230test.jpg|Ja|
"Wharfedale Diamond 240"|diamond-240|"Högtalare / Golvhögtalare"|9999.0000|https://hifi-freaks.se/wharfedale-diamond-240.html|Wharfedale|https://hifi-freaks.se/media/catalog/product/d/i/diamond240top.jpg|Ja|
"Wharfedale Diamond 250"|"Diamond 250"|"Högtalare / Golvhögtalare"|13418.0000|https://hifi-freaks.se/wharfedale-diamond-250.html|Wharfedale|https://hifi-freaks.se/media/catalog/product/d/i/diamond250top.jpg|Ja|
"Wharfedale Reva 3"|"Reva 3"|"Högtalare / Golvhögtalare"|13999.0000|https://hifi-freaks.se/wharfedale-reva-3.html|Wharfedale|https://hifi-freaks.se/media/catalog/product/r/e/reva3.jpg|Ja|
"Wharfedale Reva 1"|"Reva 1"|"Högtalare / Kompakta högtalare"|4299.0000|https://hifi-freaks.se/wharfedale-reva-1.html|Wharfedale|https://hifi-freaks.se/media/catalog/product/r/e/reva1.jpg|Ja|
"Wharfedale Diamond 225"|"Diamond 225"|"Högtalare / Kompakta högtalare"|1999.0000|https://hifi-freaks.se/wharfedale-diamond-225.html|Wharfedale|https://hifi-freaks.se/media/catalog/product/w/h/wharfedale-diamond-225-gallery.jpg|Ja|
"Wharfedale Reva 2"|"Reva 2"|"Högtalare / Kompakta högtalare"|3999.0000|https://hifi-freaks.se/wharfedale-reva-2.html|Wharfedale|https://hifi-freaks.se/media/catalog/product/r/e/reva2.jpg|Ja|
"Wharfedale Diamond 210"|"diamond 210"|"Högtalare / Kompakta högtalare"|1699.0000|https://hifi-freaks.se/wharfedale-diamond-210.html|Wharfedale|https://hifi-freaks.se/media/catalog/product/d/i/diamond210.jpg|Ja|
"Wharfedale Jade 5"|"Jade 5"|"Högtalare / Golvhögtalare"|14999.0000|https://hifi-freaks.se/wharfedale-jade-5.html|Wharfedale|https://hifi-freaks.se/media/catalog/product/j/a/jade5.jpg|Ja|
"Wharfedale Jade 7"|"jade 7"|"Högtalare / Golvhögtalare"|19999.0000|https://hifi-freaks.se/wharfedale-jade-7.html|Wharfedale|https://hifi-freaks.se/media/catalog/product/j/a/jade7.jpg|Ja|
"Wharfedale Airedale Heritage Classic"|airedale-classic|"Högtalare / Golvhögtalare"|229999.0000|https://hifi-freaks.se/wharfedale-airedale-heritage-classic.html|Wharfedale|https://hifi-freaks.se/media/catalog/product/a/i/airedaleclassic.jpg|Ja|
"Mission MX3"|"Mission MX-3"|"Högtalare / Golvhögtalare"|3699.0000|https://hifi-freaks.se/mission-mx3.html|Mission|https://hifi-freaks.se/media/catalog/product/t/o/top_missionmx3.jpg|Ja|
"Mission LX-3"|mission-lx-3|"Högtalare / Golvhögtalare"|4499.0000|https://hifi-freaks.se/mission-lx-3.html|Mission|https://hifi-freaks.se/media/catalog/product/l/x/lx3.jpg|Ja|
"Audiolab 6000A-Svart"|Audiolab6000A-Svart||6399.0000|https://hifi-freaks.se/audiolab-6000a-svart.html|Audiolab||Ja|
"Audiolab 8300A"|8300a-black|"Stereo / Förstärkare"|7799.0000|https://hifi-freaks.se/8300a.html|Audiolab|https://hifi-freaks.se/media/catalog/product/8/3/8300a-front_1.jpg|Ja|
"Audiolab 8300MB"|8300mb-black|"Stereo / Förstärkare"|6799.0000|https://hifi-freaks.se/audiolab-8300mb.html|Audiolab|https://hifi-freaks.se/media/catalog/product/3/5/35358_3_.jpg|Ja|
"Audiolab M-ONE"|audiolab-mone|"Stereo / Förstärkare"|4999.0000|https://hifi-freaks.se/audiolab-mone.html|Audiolab|https://hifi-freaks.se/media/catalog/product/m/-/m-one_20160718143953_576.jpg|Ja|
"QUAD Elite QMP"|QUAD-elite-QMP|"Stereo / Förstärkare"|9999.0000|https://hifi-freaks.se/quad-elite-qmp.html|Quad|https://hifi-freaks.se/media/catalog/product/e/l/elite-qmp_20150331114735_58.jpg|Ja|
"QUAD Elite QSP"|quad-elite-qsp|"Stereo / Förstärkare"|10999.0000|https://hifi-freaks.se/quad-elite-qsp.html|Quad|https://hifi-freaks.se/media/catalog/product/e/l/elite-qsp_20150331113932_55.jpg|Ja|
"QUAD Elite Pre"|quad-elite-pre|"Stereo / Förstärkare"|8399.0000|https://hifi-freaks.se/quad-elite-pre.html|Quad|https://hifi-freaks.se/media/catalog/product/e/l/elite-pre_20150331113244_51.jpg|Ja|
"QUAD Artera Play"|quad-artera-play|"Stereo / Förstärkare"|8999.0000|https://hifi-freaks.se/quad-artera-play.html|Quad|https://hifi-freaks.se/media/catalog/product/a/r/artera-play_20150401154407_172.jpg|Ja|
"QUAD Artera Stereo"|quad-artera-stereo|"Stereo / Förstärkare"|9899.0000|https://hifi-freaks.se/quad-artera-stereo.html|Quad|https://hifi-freaks.se/media/catalog/product/a/r/artera-stereo_20150817093935_549.jpg|Ja|
"TIBO SmartAMP"|tibo-smart-amp|"Stereo / Förstärkare"|2699.0000|https://hifi-freaks.se/tibo-smartamp.html|TIBO|https://hifi-freaks.se/media/catalog/product/t/i/tibosmartamp1.jpg|Ja|
"Densen B-130XS"|densen-b130-xs|"Stereo / Förstärkare"|22999.0000|https://hifi-freaks.se/densen-b-130xs.html|Densen|https://hifi-freaks.se/media/catalog/product/t/o/top_b130ny.jpg|Ja|
"QUAD S-1"|quad-s1|"Högtalare / Kompakta högtalare"|5399.0000|https://hifi-freaks.se/quad-s-1.html|Quad|https://hifi-freaks.se/media/catalog/product/s/1/s1b.gif|Ja|
"Densen B-150XS"|densen-b150-xs|"Stereo / Förstärkare"|32999.0000|https://hifi-freaks.se/densen-b-150xs.html|Densen|https://hifi-freaks.se/media/catalog/product/d/e/densen_b-150-plus-xs.jpg|Ja|
"QUAD S-2"|quad-s2|"Högtalare / Kompakta högtalare"|5299.0000|https://hifi-freaks.se/quad-s-2.html|Quad|https://hifi-freaks.se/media/catalog/product/s/2/s25.jpg|Ja|
"QUAD Z-1"|quad-z1|"Högtalare / Kompakta högtalare"|9299.0000|https://hifi-freaks.se/quad-z1.html|Quad|https://hifi-freaks.se/media/catalog/product/z/1/z15.jpg|Ja|
"Densen B-175XS"|densen-b175-xs|"Stereo / Förstärkare"|64999.0000|https://hifi-freaks.se/densen-b-175xs.html|Densen|https://hifi-freaks.se/media/catalog/product/d/e/densen_b-150-plus-xs_1.jpg|Ja|
"QUAD Z-2"|quad-z2|"Högtalare / Kompakta högtalare"|21490.0000|https://hifi-freaks.se/quad-z2.html|Quad|https://hifi-freaks.se/media/catalog/product/z/2/z2.jpg|Ja|
"Densen B-250XS"|densen-b250-xs|"Stereo / Förstärkare"|34999.0000|https://hifi-freaks.se/densen-b-250xs.html|Densen|https://hifi-freaks.se/media/catalog/product/d/e/densen_b-150-plus-xs_2.jpg|Ja|
"Densen B-275"|densen-b275|"Stereo / Förstärkare"|74999.0000|https://hifi-freaks.se/densen-b-275.html|Densen|https://hifi-freaks.se/media/catalog/product/b/-/b-275_2nrg_angle_fritlagt.jpg|Ja|
"Mission LX-2"|mission-lx-2|"Högtalare / Kompakta högtalare"|1549.0000|https://hifi-freaks.se/mission-lx-2.html|Mission|https://hifi-freaks.se/media/catalog/product/l/x/lx28.jpg|Ja|
"Mission LX-1"|mission-lx-1|"Högtalare / Kompakta högtalare"|1399.0000|https://hifi-freaks.se/mission-lx-1.html|Mission|https://hifi-freaks.se/media/catalog/product/l/x/lx19.jpg|Ja|
"Wharfedale Diamond 11.1"|diamond111|"Högtalare / Kompakta högtalare"|3399.0000|https://hifi-freaks.se/wharfedale-diamond-11-1.html|Wharfedale|https://hifi-freaks.se/media/catalog/product/d/1/d11-1-9.png|Ja|
"Wharfedale Diamond 11.2"|diamond112|"Högtalare / Kompakta högtalare"|2599.0000|https://hifi-freaks.se/wharfedale-diamond-11-2.html|Wharfedale|https://hifi-freaks.se/media/catalog/product/d/1/d11-2-1.jpg|Ja|
"Wharfedale Diamond 11.0"|diamond110|"Högtalare / Kompakta högtalare"|1699.0000|https://hifi-freaks.se/wharfedale-diamond-11-0.html|Wharfedale|https://hifi-freaks.se/media/catalog/product/d/1/d11-0-6.jpg|Ja|
"Wharfedale Jade 1"|Jade1|"Högtalare / Kompakta högtalare"|6999.0000|https://hifi-freaks.se/wharfedale-jade-1.html|Wharfedale|https://hifi-freaks.se/media/catalog/product/j/a/jade16.jpg|Ja|
"Wharfedale Jade 3"|wharfedalejade3|"Högtalare / Kompakta högtalare"|8999.0000|https://hifi-freaks.se/wharfedale-jade-3.html|Wharfedale|https://hifi-freaks.se/media/catalog/product/j/a/jade33.jpg|Ja|
"Densen B-310+"|densen-b310|"Stereo / Förstärkare"|14800.0000|https://hifi-freaks.se/densen-b-310.html|Densen|https://hifi-freaks.se/media/catalog/product/b/3/b310plus-5.jpg|Ja|
"Densen B-410XS"|densen-b410|"Stereo / CD-spelare"|12999.0000|https://hifi-freaks.se/densen-b-410xs.html|Densen|https://hifi-freaks.se/media/catalog/product/b/4/b410-4.jpg|Ja|
"Densen B-420XS"|densen-b420|"Stereo / CD-spelare"|17499.0000|https://hifi-freaks.se/densen-b-420xs.html|Densen|https://hifi-freaks.se/media/catalog/product/b/4/b420-3.jpg|Ja|
"Densen B-440XS"|densen-b-440|"Stereo / CD-spelare"|19999.0000|https://hifi-freaks.se/densen-b-440.html|Densen|https://hifi-freaks.se/media/catalog/product/b/4/b440-3.jpg|Ja|
"Densen B-320+"|densen-b320|"Stereo / Förstärkare"|22000.0000|https://hifi-freaks.se/densen-b-320.html|Densen|https://hifi-freaks.se/media/catalog/product/b/3/b310plus-5_1.jpg|Ja|
"Densen B-330+"|densen-b330|"Stereo / Förstärkare"|32500.0000|https://hifi-freaks.se/densen-b-330.html|Densen|https://hifi-freaks.se/media/catalog/product/b/3/b330-1.jpg|Ja|
"Densen B-475"|densen-b-475|"Stereo / CD-spelare"|56999.0000|https://hifi-freaks.se/densen-b-475.html|Densen|https://hifi-freaks.se/media/catalog/product/s/e/set_no_bg_small.jpg|Ja|
"QUAD Elite CDX"|quad-elite-cdx|"Stereo / CD-spelare"|12999.0000|https://hifi-freaks.se/quad-elite-cdx.html|Quad|https://hifi-freaks.se/media/catalog/product/e/l/elite-cdx_20150330164430_41.jpg|Ja|
"QUAD Elite CDS"|quad-elite-cds|"Stereo / CD-spelare"|8499.0000|https://hifi-freaks.se/quad-elite-cds.html|Quad|https://hifi-freaks.se/media/catalog/product/e/l/elite-cds_20150330162658_37.jpg|Ja|
"Densen B-350+"|densen-b350|"Stereo / Förstärkare"|60000.0000|https://hifi-freaks.se/densen-b-350.html|Densen|https://hifi-freaks.se/media/catalog/product/b/3/b350-1.jpg|Ja|
"Audiolab 8300CD "|8300cd|"Stereo / CD-spelare"|7799.0000|https://hifi-freaks.se/8300cd-black.html|Audiolab|https://hifi-freaks.se/media/catalog/product/8/3/8300cd5.jpg|Ja|
"Densen CastAMP"|densen-castamp|"Stereo / Förstärkare"|34999.0000|https://hifi-freaks.se/densen-castamp.html|Densen|https://hifi-freaks.se/media/catalog/product/c/a/castamp2.jpg|Ja|
"Audiolab MDAC Mini"|MDACmini|"Stereo / D/A-OMVANDLARE"|3299.0000|https://hifi-freaks.se/audiolab-mdac-mini.html|Audiolab|https://hifi-freaks.se/media/catalog/product/m/-/m-dac-mini_20170504205026_600.jpg|Ja|
"Quad S-4"|quad-s4|"Högtalare / Golvhögtalare"|8499.0000|https://hifi-freaks.se/quad-s-4.html|Quad|https://hifi-freaks.se/media/catalog/product/s/4/s411.jpg|Ja|
"Audiolab MDAC"|audiolab-mdac|"Stereo / D/A-OMVANDLARE"|5599.0000|https://hifi-freaks.se/audiolab-mdac.html|Audiolab|https://hifi-freaks.se/media/catalog/product/m/-/m-dac_20150330114106_136.jpg|Ja|
"Audiolab MDAC+"|audiolab-mdac-plus|"Stereo / D/A-OMVANDLARE"|6999.0000|https://hifi-freaks.se/audiolab-mdac-330.html|Audiolab|https://hifi-freaks.se/media/catalog/product/m/-/m-dac_20160118161115_517.jpg|Ja|
"Quad S-5"|quad-s5|"Högtalare / Golvhögtalare"|15999.0000|https://hifi-freaks.se/quad-s-5.html|Quad|https://hifi-freaks.se/media/catalog/product/s/5/s5.jpg|Ja|
"Quad Z-3"|quad-z3|"Högtalare / Golvhögtalare"|34990.0000|https://hifi-freaks.se/quad-z-3.html|Quad|https://hifi-freaks.se/media/catalog/product/z/3/z34.jpg|Ja|
"Quad Z-4"|quad-z4|"Högtalare / Golvhögtalare"|19999.0000|https://hifi-freaks.se/quad-z-4.html|Quad|https://hifi-freaks.se/media/catalog/product/z/4/z44.jpg|Ja|
"Quad ESL-2812"|quad-esl-2812|"Högtalare / Golvhögtalare"|69999.0000|https://hifi-freaks.se/quad-esl-2812.html|Quad|https://hifi-freaks.se/media/catalog/product/q/u/quad_esl-2812.jpg|Ja|
"Quad ESL-2912"|quad-esl-2912|"Högtalare / Golvhögtalare"|84999.0000|https://hifi-freaks.se/quad-esl-2912.html|Quad|https://hifi-freaks.se/media/catalog/product/q/u/quad-esl-2912-electrostatic-loudspeakers-530-p.jpg|Ja|
"Earthquake CP-8"|earthquake-cp8|"Högtalare / Subwoofers"|2699.0000|https://hifi-freaks.se/earthquake-cp-8.html|Earthquake|https://hifi-freaks.se/media/catalog/product/0/7/07.jpg|Ja|
"Earthquake FF-10"|earthquake-ff10|"Högtalare / Subwoofers"|5799.0000|https://hifi-freaks.se/earthquake-ff-10.html|Earthquake|https://hifi-freaks.se/media/catalog/product/f/f/ff-10_02.jpg|Ja|
"Castle Avon 4"|castle-avon4|"Högtalare / Golvhögtalare"|12799.0000|https://hifi-freaks.se/castle-avon-4.html|Castle|https://hifi-freaks.se/media/catalog/product/a/v/avon-46.jpg|Ja|
"Earthquake FF-6.5"|earthquake-ff-65|"Högtalare / Subwoofers"|3299.0000|https://hifi-freaks.se/earthquake-ff-65.html|Earthquake|https://hifi-freaks.se/media/catalog/product/f/f/ff-65_11.jpg|Ja|
"Castle Avon 5"|castle-avon5|"Högtalare / Golvhögtalare"|15999.0000|https://hifi-freaks.se/castle-avon-5.html|Castle|https://hifi-freaks.se/media/catalog/product/a/v/avon-511.jpg|Ja|
"Earthquake FF-12"|earthquake-ff-12|"Högtalare / Subwoofers"|3299.0000|https://hifi-freaks.se/earthquake-ff-12.html|Earthquake|https://hifi-freaks.se/media/catalog/product/f/f/ff-12_02.jpg|Ja|
"Castle Avon C"|castle-avon-c|"Högtalare / Centerhögtalare"|5999.0000|https://hifi-freaks.se/castle-avon-c.html|Castle|https://hifi-freaks.se/media/catalog/product/a/v/avon-c4.jpg|Ja|
"Earthquake MiniMe P10v2"|minime-p10v2-black|"Högtalare / Subwoofers"|6699.0000|https://hifi-freaks.se/earthquake-minime-p10v2.html|Earthquake|https://hifi-freaks.se/media/catalog/product/m/i/minime-p10_02.jpg|Ja|
"Earthquake MiniMe P12v2"|earthquake-minime-p12v2|"Högtalare / Subwoofers"|6999.0000|https://hifi-freaks.se/earthquake-minime-p12v2.html|Earthquake|https://hifi-freaks.se/media/catalog/product/m/i/minimep12_09.jpg|Ja|
"Castle Knight 3"|castle-knight-3|"Högtalare / Golvhögtalare"|4999.0000|https://hifi-freaks.se/castle-knight-3.html|Castle|https://hifi-freaks.se/media/catalog/product/k/n/knight31.jpg|Ja|
"Castle Knight 4"|castle-knight-4|"Högtalare / Golvhögtalare"|6299.0000|https://hifi-freaks.se/castle-knight-4.html|Castle|https://hifi-freaks.se/media/catalog/product/k/n/knight42.jpg|Ja|
"Earthquake MiniMe P8v2"|minime-p8v2|"Högtalare / Subwoofers"|4499.0000|https://hifi-freaks.se/earthquake-minime-p8v2.html|Earthquake|https://hifi-freaks.se/media/catalog/product/m/i/minime_p8_v2_09.jpg|Ja|
"Castle Knight 5"|castle-knight-5|"Högtalare / Golvhögtalare"|8499.0000|https://hifi-freaks.se/castle-knight-5.html|Castle|https://hifi-freaks.se/media/catalog/product/k/n/knight51.jpg|Ja|
"Earthquake MiniMe P8Wv2"|minime-p8Wv2|"Högtalare / Subwoofers"|4499.0000|https://hifi-freaks.se/earthquake-minime-p8wv2.html|Earthquake|https://hifi-freaks.se/media/catalog/product/m/i/minime-p8wv2_09.jpg|Ja|
"Earthquake SuperNova MKIV-10"|supernova-mkiv10|"Högtalare / Subwoofers"|7999.0000|https://hifi-freaks.se/earthquake-supernova-mkiv-10.html|Earthquake|https://hifi-freaks.se/media/catalog/product/m/k/mkiv-10_03.jpg|Ja|
"Earthquake SuperNova MKVI-12"|supernova-mkvi-12|"Högtalare / Subwoofers"|32499.0000|https://hifi-freaks.se/earthquake-supernova-mkvi-12.html|Earthquake|https://hifi-freaks.se/media/catalog/product/3/_/3_2.jpg|Ja|
"Earthquake SuperNova MKVI-15"|earthquake-supernova-mkvi-15|"Högtalare / Subwoofers"|29999.0000|https://hifi-freaks.se/earthquake-supernova-mkiv-15.html|Earthquake|https://hifi-freaks.se/media/catalog/product/m/k/mkvi-15piano_08.jpg|Ja|
"Earthquake SuperNova MKIV-12"|earthquake-supernova-mkiv-12|"Högtalare / Subwoofers"|5599.0000|https://hifi-freaks.se/earthquake-supernova-mkiv-12.html|Earthquake|https://hifi-freaks.se/media/catalog/product/m/k/mkiv-12_03.jpg|Ja|
"Wharfedale Diamond 11.3"|wharfedale-diamond-113|"Högtalare / Golvhögtalare"|6499.0000|https://hifi-freaks.se/wharfedale-diamond-11-3.html|Wharfedale|https://hifi-freaks.se/media/catalog/product/d/1/d11-3.jpg|Ja|
"Wharfedale Diamond 11.4"|wharfedale-diamond-114|"Högtalare / Golvhögtalare"|9999.0000|https://hifi-freaks.se/wharfedale-diamond-11-4.html|Wharfedale|https://hifi-freaks.se/media/catalog/product/d/1/d114-2.jpg|Ja|
"Wharfedale Diamond 11.5"|wharfedale-diamond-115|"Högtalare / Golvhögtalare"|13999.0000|https://hifi-freaks.se/wharfedale-diamond-11-5.html|Wharfedale|https://hifi-freaks.se/media/catalog/product/d/1/d115-1.jpg|Ja|
"Mission LX-4"|mission-lx-4|"Högtalare / Golvhögtalare"|4999.0000|https://hifi-freaks.se/mission-lx-4.html|Mission|https://hifi-freaks.se/media/catalog/product/l/x/lx-4_featured_image.jpg|Ja|
"Mission LX-5"|mission-lx-5|"Högtalare / Golvhögtalare"|8999.0000|https://hifi-freaks.se/mission-lx-5.html|Mission|https://hifi-freaks.se/media/catalog/product/l/x/lx56.jpg|Ja|
"Wharfedale Diamond A1"|wharfedale-diamond-a1|"Högtalare / Aktiva högtalare"|4999.0000|https://hifi-freaks.se/wharfedale-diamond-a1.html|Wharfedale|https://hifi-freaks.se/media/catalog/product/w/0/w00101_20161014160857_1549.jpg|Ja|
"Wharfedale Diamond A2"|wharfedale-diamond-a2|"Högtalare / Aktiva högtalare"|11500.0000|https://hifi-freaks.se/wharfedale-diamond-a2.html|Wharfedale|https://hifi-freaks.se/media/catalog/product/w/0/w00102_20161014171029_1561.jpg|Ja|
"Wharfedale Diamond 220C"|wharfedale-diamond-220c|"Högtalare / Centerhögtalare"|1799.0000|https://hifi-freaks.se/wharfedale-diamond-220c.html|Wharfedale|https://hifi-freaks.se/media/catalog/product/2/2/220c5.png|Ja|
"Wharfedale Diamond 240C"|wharfedale-diamond-240c|"Högtalare / Centerhögtalare"|3599.0000|https://hifi-freaks.se/wharfedale-diamond-240c.html|Wharfedale|https://hifi-freaks.se/media/catalog/product/2/4/240c1.jpg|Ja|
"Wharfedale Reva-C"|wharfedale-reva-c|"Högtalare / Centerhögtalare"|4599.0000|https://hifi-freaks.se/wharfedale-reva-c.html|Wharfedale|https://hifi-freaks.se/media/catalog/product/r/e/revac3.jpg|Ja|
"Wharfedale Jade C1"|wharfedale-jade-c1|"Högtalare / Centerhögtalare"|5599.0000|https://hifi-freaks.se/wharfedale-jade-c1.html|Wharfedale|https://hifi-freaks.se/media/catalog/product/j/a/jadec1-burr2.jpg|Ja|
"Mission LX-C"|mission-lx-c|"Högtalare / Centerhögtalare"|1199.0000|https://hifi-freaks.se/mission-lx-c.html|Mission|https://hifi-freaks.se/media/catalog/product/l/x/lxc6.jpg|Ja|
"Mission MXC1"|mission-mxc1|"Högtalare / Centerhögtalare"|1999.0000|https://hifi-freaks.se/mission-mxc1.html|Mission|https://hifi-freaks.se/media/catalog/product/m/x/mxc1-cherry.jpg|Ja|
"Quad SC-1"|quad-sc1|"Högtalare / Centerhögtalare"|4999.0000|https://hifi-freaks.se/quad-s-c.html|Quad|https://hifi-freaks.se/media/catalog/product/s/c/sc2.jpg|Ja|
"Castle Avon 1"|castle-avon1|"Högtalare / Kompakta högtalare"|5999.0000|https://hifi-freaks.se/castle-avon-1.html|Castle|https://hifi-freaks.se/media/catalog/product/a/v/avon-11a.jpg|Ja|
"Castle Avon 2"|castle-avon2|"Högtalare / Kompakta högtalare"|7499.0000|https://hifi-freaks.se/castle-avon-2.html|Castle|https://hifi-freaks.se/media/catalog/product/a/v/avon-21c.png|Ja|
"Castle Knight 1"|castle-knight1|"Högtalare / Kompakta högtalare"|2799.0000|https://hifi-freaks.se/castle-knight-1.html|Castle|https://hifi-freaks.se/media/catalog/product/k/n/knight15.jpg|Ja|
"Castle Knight 2"|castle-knight2|"Högtalare / Kompakta högtalare"|2799.0000|https://hifi-freaks.se/castle-knight-2.html|Castle|https://hifi-freaks.se/media/catalog/product/k/n/knight25.jpg|Ja|
"Wharfedale Crystal 4.1"|wharfedale-crystal4-1|"Högtalare / Kompakta högtalare"|1999.0000|https://hifi-freaks.se/wharfedale-crystal-4-1.html|Wharfedale|https://hifi-freaks.se/media/catalog/product/c/r/crystal4-1-3.jpg|Ja|
"Wharfedale Crystal 4.3"|wharfedale-crystal4-3|"Högtalare / Golvhögtalare"|4999.0000|https://hifi-freaks.se/wharfedale-crystal-4-3.html|Wharfedale|https://hifi-freaks.se/media/catalog/product/c/r/crystal4-3-4.jpg|Ja|
"Wharfedale Crystal 4.C"|wharfedale-crystal4-c|"Högtalare / Centerhögtalare"|2299.0000|https://hifi-freaks.se/wharfedale-crystal-4-c.html|Wharfedale|https://hifi-freaks.se/media/catalog/product/c/r/crystal4-c-1.jpg|Ja|
"Earthquake StudioQuake M6"|earthquake-m6|"Högtalare / Aktiva högtalare"|5999.0000|https://hifi-freaks.se/earthquake-studioquake-m6.html|Earthquake|https://hifi-freaks.se/media/catalog/product/m/6/m6-1.jpg|Ja|
"Earthquake StudioQuake M8"|earthquake-m8|"Högtalare / Aktiva högtalare"|6999.0000|https://hifi-freaks.se/earthquake-studioquake-m8.html|Earthquake|https://hifi-freaks.se/media/catalog/product/m/8/m8-1.jpg|Ja|
"Quad 9AS"|quad-9as|"Högtalare / Aktiva högtalare"|9990.0000|https://hifi-freaks.se/quad-9as.html|Quad|https://hifi-freaks.se/media/catalog/product/q/u/quad-9as-1.jpg|Ja|
"Quad ZC"|quad-zc|"Högtalare / Centerhögtalare"|8999.0000|https://hifi-freaks.se/quad-zc.html|Quad|https://hifi-freaks.se/media/catalog/product/z/c/zc1.jpg|Ja|
"Kimber KWIK 12"|kimber-kwik12|"Kablar / Högtalarkablar"|79.0000|https://hifi-freaks.se/kimber-kwik-12.html|"Kimber Kable"|https://hifi-freaks.se/media/catalog/product/k/w/kwik12-1.png|Ja|
"Kimber KWIK 16"|kimber-kwik16|"Kablar / Högtalarkablar"|49.0000|https://hifi-freaks.se/kimber-kwik-16.html|"Kimber Kable"|https://hifi-freaks.se/media/catalog/product/k/w/kwik12-1_1.png|Ja|
"Kimber 4PR"|"KMK 4PR"|"Kablar / Högtalarkablar"|89.0000|https://hifi-freaks.se/kimber-4pr.html|"Kimber Kable"|https://hifi-freaks.se/media/catalog/product/k/i/kimber4pr-2.jpg|Ja|
"Kimber 8PR"|kimber-8pr|"Kablar / Högtalarkablar"|229.0000|https://hifi-freaks.se/kimber-8pr.html|"Kimber Kable"|https://hifi-freaks.se/media/catalog/product/k/i/kimber8pr-1.jpg|Ja|
"Kimber 4VS"|kimber-4vs|"Kablar / Högtalarkablar"|149.0000|https://hifi-freaks.se/kimber-4vs.html|"Kimber Kable"|https://hifi-freaks.se/media/catalog/product/4/v/4vs-3.jpg|Ja|
"Kimber 8VS"|kimber-8vs|"Kablar / Högtalarkablar"|329.0000|https://hifi-freaks.se/kimber-8vs.html|"Kimber Kable"|https://hifi-freaks.se/media/catalog/product/8/v/8vs-3.jpg|Ja|
"Kimber 12VS"|kimber-12vs|"Kablar / Högtalarkablar"|499.0000|https://hifi-freaks.se/kimber-12vs.html|"Kimber Kable"|https://hifi-freaks.se/media/catalog/product/1/2/12vs.png|Ja|
"Kimber 4TC"|kimber-4tc|"Kablar / Högtalarkablar"|429.0000|https://hifi-freaks.se/kimber-4tc.html|"Kimber Kable"|https://hifi-freaks.se/media/catalog/product/4/t/4tc-3.jpg|Ja|
"Kimber 8TC"|kimber-8tc|"Kablar / Högtalarkablar"|749.0000|https://hifi-freaks.se/kimber-8tc.html|"Kimber Kable"|https://hifi-freaks.se/media/catalog/product/8/t/8tc-4.png|Ja|
"Kimber 12TC"|kimber-12tc|"Kablar / Högtalarkablar"|1299.0000|https://hifi-freaks.se/kimber-12tc.html|"Kimber Kable"|https://hifi-freaks.se/media/catalog/product/1/2/12tc-3.png|Ja|
"Densen FabelDAC"|densen-fabeldac|"Stereo / D/A-OMVANDLARE"|3999.0000|https://hifi-freaks.se/densen-fabeldac.html|Densen|https://hifi-freaks.se/media/catalog/product/f/a/fabeldac-5.jpg|Ja|
"Earthquake Cinenova 7"|earthquake-cinenova7|"Stereo / Förstärkare"|22999.0000|https://hifi-freaks.se/earthquake-cinenova-7.html|Earthquake|https://hifi-freaks.se/media/catalog/product/c/i/cinenova7-6_1.jpg|Ja|
"Earthquake Cinenova Grande"|earthquake-cinenova-grande|"Stereo / Förstärkare"|38999.0000|https://hifi-freaks.se/earthquake-cinenova-grande.html|Earthquake|https://hifi-freaks.se/media/catalog/product/c/i/cinenovagrande_01_icons-2.jpg|Ja|
"Earthquake IW-BTA250 Kit"|earthquake-iw-bta250-kit|"Stereo / Förstärkare"|1299.0000|https://hifi-freaks.se/earthquake-iw-bta250-kit.html|Earthquake|https://hifi-freaks.se/media/catalog/product/i/w/iw-bta250-kit_01.jpg|Ja|
"Earthquake EQUATIC"|earthquake-equatic|"Högtalare / Portabla högtalare"|669.0000|https://hifi-freaks.se/earthquake-equatic.html|Earthquake|https://hifi-freaks.se/media/catalog/product/e/q/equatic-white_01.jpg|Ja|
"TIBO Vogue 1"|"TIB VOGUE1"|"Högtalare / Aktiva högtalare"|1999.0000|https://hifi-freaks.se/tibo-vogue-1.html|TIBO|https://hifi-freaks.se/media/catalog/product/v/o/vogue_1_b_cutout.png|Ja|
"TIBO Vogue 3"|tibo-vogue3|"Högtalare / Aktiva högtalare"|1999.0000|https://hifi-freaks.se/tibo-vogue-3.html|TIBO|https://hifi-freaks.se/media/catalog/product/t/i/tibo_vogue_3_8_2.jpg|Ja|
"Earthquake iQuake-52 Bluetooth"|earthquake-iq52-bt|"Högtalare / Aktiva högtalare"|2699|https://hifi-freaks.se/earthquake-iquake-52-bluetooth.html|Earthquake|https://hifi-freaks.se/media/catalog/product/i/q/iq-52b_17.jpg|Nej|
"Wharfedale D8"|wharfedale-d8|"Högtalare / Subwoofers"|1699.0000|https://hifi-freaks.se/wharfedale-d8.html|Wharfedale|https://hifi-freaks.se/media/catalog/product/w/h/wh-d8.jpg|Ja|
"Wharfedale D10"|wharfedale-d10|"Högtalare / Subwoofers"|2199.0000|https://hifi-freaks.se/wharfedale-d10.html|Wharfedale|https://hifi-freaks.se/media/catalog/product/w/h/wh-d10_3_.jpg|Ja|
"Wharfedale SW-12"|wharfedale-sw12|"Högtalare / Subwoofers"|3299.0000|https://hifi-freaks.se/wharfedale-sw-12.html|Wharfedale|https://hifi-freaks.se/media/catalog/product/s/w/sw-15_bl_front_1.jpg|Ja|
"Wharfedale SW-15"|wharfedale-sw15|"Högtalare / Subwoofers"|4299.0000|https://hifi-freaks.se/wharfedale-sw-15.html|Wharfedale|https://hifi-freaks.se/media/catalog/product/s/w/sw-15_bl_front_1_1.jpg|Ja|
"Earthquake MiniMe P63"|earthquake-minime-p63|"Högtalare / Subwoofers"|4899.0000|https://hifi-freaks.se/earthquake-minime-p63.html|Earthquake|https://hifi-freaks.se/media/catalog/product/m/i/minime-p63-b_01.jpg|Ja|
"Earthquake EWS-530C"|earthquake-ews530c|"Högtalare / Inbyggnadshögtalare"|2699.0000|https://hifi-freaks.se/earthquake-ews-530c.html|Earthquake|https://hifi-freaks.se/media/catalog/product/e/w/ews-530c_11.jpg|Ja|
"Earthquake EWS-600"|earthquake-ews600|"Högtalare / Inbyggnadshögtalare"|2999.0000|https://hifi-freaks.se/earthquake-ews-600.html|Earthquake|https://hifi-freaks.se/media/catalog/product/e/w/ews-600_11_large.jpg|Ja|
"Earthquake EWS-800"|earthquake-ews800|"Högtalare / Inbyggnadshögtalare"|3999.0000|https://hifi-freaks.se/earthquake-ews-800.html|Earthquake|https://hifi-freaks.se/media/catalog/product/e/w/ews-800_11_large.jpg|Ja|
"Earthquake EWS-LA-63"|earthquake-ews-la63|"Högtalare / Inbyggnadshögtalare"|5499.0000|https://hifi-freaks.se/earthquake-ews-la-63.html|Earthquake|https://hifi-freaks.se/media/catalog/product/e/w/ews-la-63_09.jpg|Ja|
"Earthquake Image-5"|earthquake-image5|"Högtalare / Inbyggnadshögtalare"|1999.0000|https://hifi-freaks.se/earthquake-image-5.html|Earthquake|https://hifi-freaks.se/media/catalog/product/i/m/image-5x_03.jpg|Ja|
"Earthquake Image-6"|earthquake-image6|"Högtalare / Inbyggnadshögtalare"|1099.0000|https://hifi-freaks.se/earthquake-image-6.html|Earthquake|https://hifi-freaks.se/media/catalog/product/i/m/image-6x_03.jpg|Ja|
"Earthquake Image-83X"|earthquake-image83x|"Högtalare / Inbyggnadshögtalare"|3399.0000|https://hifi-freaks.se/earthquake-image-83x.html|Earthquake|https://hifi-freaks.se/media/catalog/product/i/m/image-83x_11.jpg|Ja|
"Earthquake Image-C25"|earthquake-imagec25|"Högtalare / Inbyggnadshögtalare"|2099.0000|https://hifi-freaks.se/earthquake-image-c25.html|Earthquake|https://hifi-freaks.se/media/catalog/product/i/m/image-c25x_03.jpg|Ja|
"Earthquake Thor IW-SUB10"|earthquake-thor-iwsub10|"Högtalare / Inbyggnadshögtalare"|7999.0000|https://hifi-freaks.se/earthquake-thor-iw-sub10.html|Earthquake|https://hifi-freaks.se/media/catalog/product/i/w/iw-sub10_front-2.jpg|Ja|
WB1|wb1|"Tillbehör / Väggfäste"|529.0000|https://hifi-freaks.se/wb1.html||https://hifi-freaks.se/media/catalog/product/w/b/wb1.jpg|Ja|
WB0.5|wb05|"Tillbehör / Väggfäste"|529.0000|https://hifi-freaks.se/wb0-5.html||https://hifi-freaks.se/media/catalog/product/w/b/wb05-vmw0.5_1.jpg|Ja|
"Wharfedale Jade SR"|wharfedale-jadesr|"Högtalare / Kompakta högtalare"|6999.0000|https://hifi-freaks.se/wharfedale-jade-sr.html|Wharfedale|https://hifi-freaks.se/media/catalog/product/j/a/jadesr-4.jpg|Ja|
"Wharfedale Reva SR"|wharfedale-revasr|"Högtalare / Kompakta högtalare"|5999.0000|https://hifi-freaks.se/wharfedale-reva-sr.html|Wharfedale|https://hifi-freaks.se/media/catalog/product/2/5/25f36272-e779-4ff2-9d2d-ddfbf1c9d77c_800_600.jpg|Ja|
"Wharfedale WH-DFS"|wharfedale-wh-dfs|"Högtalare / Kompakta högtalare"|2599.0000|https://hifi-freaks.se/wharfedale-wh-dfs.html|Wharfedale|https://hifi-freaks.se/media/catalog/product/w/h/wharfedale-wh-dfs_00_ml.jpg|Ja|
"Earthquake DBXi-12D"|earthquake-dbxi12d|"Tillbehör / Lösa Högtalarelement"|4399.0000|https://hifi-freaks.se/earthquake-dbxi-12d.html|Earthquake|https://hifi-freaks.se/media/catalog/product/d/b/dbxi-12d_01_large.jpg|Ja|
"Earthquake DBXi-15D"|earthquake-dbxi15d|"Tillbehör / Lösa Högtalarelement"|3499.0000|https://hifi-freaks.se/earthquake-dbxi-15d.html|Earthquake|https://hifi-freaks.se/media/catalog/product/d/b/dbxi-15d_01_large.jpg|Ja|
"Earthquake HoLeeS-15"|earthquake-holees15|"Tillbehör / Lösa Högtalarelement"|30999.0000|https://hifi-freaks.se/earthquake-holees-15.html|Earthquake|https://hifi-freaks.se/media/catalog/product/h/o/holees-15_04.jpg|Ja|
"Earthquake Subzero-10"|earthquake-subzero10|"Tillbehör / Lösa Högtalarelement"|6299.0000|https://hifi-freaks.se/earthquake-subzero-10.html|Earthquake|https://hifi-freaks.se/media/catalog/product/s/u/subzero-15_01_2.jpg|Ja|
"Earthquake Subzero-12"|earthquake-subzero12|"Tillbehör / Lösa Högtalarelement"|8999.0000|https://hifi-freaks.se/earthquake-subzero-12.html|Earthquake|https://hifi-freaks.se/media/catalog/product/s/u/subzero-15_01_1.jpg|Ja|
"Earthquake Subzero-15"|earthquake-subzero15|"Tillbehör / Lösa Högtalarelement"|11399.0000|https://hifi-freaks.se/earthquake-subzero-15.html|Earthquake|https://hifi-freaks.se/media/catalog/product/s/u/subzero-15_01.jpg|Ja|
"Earthquake XJ-300ST"|earthquake-xj300st|"Tillbehör / Bass Shaker"|3999.0000|https://hifi-freaks.se/earthquake-xj-300st.html|Earthquake|https://hifi-freaks.se/media/catalog/product/x/j/xj-300st_01.jpg|Ja|
"Earthquake XJ-700R"|earthquake-xj700r|"Tillbehör / Bass Shaker"|6999.0000|https://hifi-freaks.se/earthquake-xj-700r.html|Earthquake|https://hifi-freaks.se/media/catalog/product/x/j/xj-700r_01.jpg|Ja|
"Wharfedale Diamond 220"|wharfedale-diamond220|"Högtalare / Kompakta högtalare"|1399.0000|https://hifi-freaks.se/wharfedale-diamond-220.html|Wharfedale|https://hifi-freaks.se/media/catalog/product/d/i/diamond220test2_1.jpg|Ja|
"QUAD Vena"|quadvena|"Stereo / Förstärkare"|4999.0000|https://hifi-freaks.se/quad-vena.html|Quad|https://hifi-freaks.se/media/catalog/product/v/e/vena_20150520143259_285_1.jpg|Ja|
"QUAD VA-ONE"|"Quad VA-One"|"Stereo / Förstärkare"|11989.0000|https://hifi-freaks.se/quad-va-one.html|Quad|https://hifi-freaks.se/media/catalog/product/v/a/va-one_20160816102256_823_1.jpg|Ja|
"QUAD QII-Forty"|"QUAD QII-Forty"|"Stereo / Förstärkare"|22990.0000|https://hifi-freaks.se/quad-qii-forty.html|Quad|https://hifi-freaks.se/media/catalog/product/i/i/ii-forty_20150401123206_126.jpg|Ja|
"QUAD QII-Eighty"|"QUAD QII-Eighty"|"Stereo / Förstärkare"|28999.0000|https://hifi-freaks.se/quad-qii-eighty.html|Quad|https://hifi-freaks.se/media/catalog/product/i/i/ii-eighty_20150401141042_129.jpg|Ja|
"QUAD QII-Classic"|"QUAD QII-Classic"|"Stereo / Förstärkare"|10499.0000|https://hifi-freaks.se/quad-qii-classic.html|Quad|https://hifi-freaks.se/media/catalog/product/q/i/qii-classic_20150401141828_137.jpg|Ja|
"QUAD QC Twenty Four"|"QUAD QC Twenty Four"|"Stereo / Förstärkare"|12990.0000|https://hifi-freaks.se/quad-qc-twenty-four.html|Quad|https://hifi-freaks.se/media/catalog/product/q/c/qc24_20150401121055_112.jpg|Ja|
"Wharfedale DX-1SE"|DSX1SE|"Högtalare / System"|3799.0000|https://hifi-freaks.se/wharfedale-dx1se.html|Wharfedale|https://hifi-freaks.se/media/catalog/product/w/0/w00089_20160111173734_1053.jpg|Ja|
"Micromega MyAMP (B-STOCK)"|Myamp|Lagerrensning|2499.0000|https://hifi-freaks.se/micromega-myamp.html||https://hifi-freaks.se/media/catalog/product/m/i/micromega-myamp-610x406.jpg|Ja|
"Wharfedale Crystal 4.3"|"Crystal 4.3"|"Högtalare / System"|9299.0000|https://hifi-freaks.se/wharfedale-crystal-4.html|Wharfedale|https://hifi-freaks.se/media/catalog/product/w/h/wharfedale-crystal-4-white-01-8211-kopio-ml_532.jpg|Ja|
"Wharfedale Crystal 4 Mini 5.1"|"Crystal 4 mini"|"Högtalare / System"|3699.0000|https://hifi-freaks.se/wharfedale-crystal-4-mini-5-1.html|Wharfedale|https://hifi-freaks.se/media/catalog/product/i/m/img_9639.png|Ja|
"Kimber Tonik 0.5 M"|"tonik 0.5"|"Kablar / Signalkablar - RCA"|559.0000|https://hifi-freaks.se/kimber-tonik-0-5-m.html|"Kimber Kable"|https://hifi-freaks.se/media/catalog/product/t/o/top_nytonik_3.jpg|Ja|
"Kimber Tonik 1.0 M"|"tonik 1.0RCA"|"Kablar / Signalkablar - RCA"|499.0000|https://hifi-freaks.se/kimber-tonik-1-0-m.html|"Kimber Kable"|https://hifi-freaks.se/media/catalog/product/t/o/top_nytonik_4.jpg|Ja|
"Kimber Tonik 2.0 M"|"tonik 2.0 rca"|"Kablar / Signalkablar - RCA"|829.0000|https://hifi-freaks.se/kimber-tonik-2-0-m.html|"Kimber Kable"|https://hifi-freaks.se/media/catalog/product/t/o/top_nytonik_5.jpg|Ja|
"Kimber Tonik XLR 0.5 M"|"tonik 0.5 xlr"|"Kablar / Signalkablar - XLR"|699.0000|https://hifi-freaks.se/kimber-tonik-xlr-0-5-m.html|"Kimber Kable"|https://hifi-freaks.se/media/catalog/product/t/o/tonik_xlr_3.jpg|Ja|
"Kimber Tonik XLR 1.0 M"|"tonik 1.0 xlr"|"Kablar / Signalkablar - XLR"|799.0000|https://hifi-freaks.se/kimber-tonik-xlr-1-0-m.html|"Kimber Kable"|https://hifi-freaks.se/media/catalog/product/t/o/tonik_xlr_4.jpg|Ja|
"Kimber Tonik XLR 2.0 M"|"tonik 2.0 xlr"|"Kablar / Signalkablar - XLR"|979.0000|https://hifi-freaks.se/kimber-tonik-xlr-2-0-m.html|"Kimber Kable"|https://hifi-freaks.se/media/catalog/product/t/o/tonik_xlr_5.jpg|Ja|
"Kimber Timbre 0.5 M"|"timbre 0.5"|"Kablar / Signalkablar - RCA"|829.0000|https://hifi-freaks.se/kimber-timbre-0-5-m.html|"Kimber Kable"|https://hifi-freaks.se/media/catalog/product/t/o/top_nytimbre_2.jpg|Ja|
"Kimber Timbre 1.0 M"|"timbre 1.0"|"Kablar / Signalkablar - RCA"|999.0000|https://hifi-freaks.se/kimber-timbre-1-0-m.html|"Kimber Kable"|https://hifi-freaks.se/media/catalog/product/t/o/top_nytimbre_3.jpg|Ja|
"Kimber Timbre 2.0 M"|"timbre 2.0"|"Kablar / Signalkablar - RCA"|1399.0000|https://hifi-freaks.se/kimber-timbre-2-0-m.html|"Kimber Kable"|https://hifi-freaks.se/media/catalog/product/t/o/top_nytimbre_4.jpg|Ja|
"Kimber Timbre 0.5 M XLR"|"timbre 0.5 XLR"|"Kablar / Signalkablar - XLR"|829.0000|https://hifi-freaks.se/kimber-timbre-0-5-m-xlr.html|"Kimber Kable"|https://hifi-freaks.se/media/catalog/product/k/i/kimber_timbre_xlr_close.jpg|Ja|
"Kimber Timbre 1.0 M XLR"|"timbre 1.0 XLR"|"Kablar / Signalkablar - XLR"|999.0000|https://hifi-freaks.se/kimber-timbre-1-0-m-xlr.html|"Kimber Kable"|https://hifi-freaks.se/media/catalog/product/k/i/kimber_timbre_xlr_close_1.jpg|Ja|
"Kimber Timbre 2.0 M XLR"|"timbre 2.0 XLR"|"Kablar / Signalkablar - XLR"|1399.0000|https://hifi-freaks.se/kimber-timbre-2-0-m-xlr.html||https://hifi-freaks.se/media/catalog/product/k/i/kimber_timbre_xlr_close_2.jpg|Ja|
"Kimber Hero 0.5 M"|"Kimber hero"|"Kablar / Signalkablar - RCA"|2099.0000|https://hifi-freaks.se/kimber-hero-0-5-m.html|"Kimber Kable"|https://hifi-freaks.se/media/catalog/product/t/o/top_nyhero.jpg|Ja|
"Kimber Hero 1.0 M"|"Kimber hero 1.0"|"Kablar / Signalkablar - RCA"|1799.0000|https://hifi-freaks.se/kimber-hero-1-0-m.html|"Kimber Kable"|https://hifi-freaks.se/media/catalog/product/t/o/top_nyhero_3.jpg|Ja|
"Kimber Hero 2.0 M"|"Kimber hero 2.0"|"Kablar / Signalkablar - RCA"|3399.0000|https://hifi-freaks.se/kimber-hero-2-0-m.html|"Kimber Kable"|https://hifi-freaks.se/media/catalog/product/t/o/top_nyhero_1.jpg|Ja|
"Kimber Hero 1.5 M"|"Kimber hero 1.5"|"Kablar / Signalkablar - RCA"|2999.0000|https://hifi-freaks.se/kimber-hero-1-5-m.html|"Kimber Kable"|https://hifi-freaks.se/media/catalog/product/t/o/top_nyhero_2.jpg|Ja|
"Kimber Hero 0.5 M XLR"|"Kimber hero 0.5 XLR"|"Kablar / Signalkablar - XLR"|2099.0000|https://hifi-freaks.se/kimber-hero-0-5-m-xlr.html|"Kimber Kable"|https://hifi-freaks.se/media/catalog/product/2/0/20579992323.jpg|Ja|
"Kimber Hero 1.0 M XLR"|"Kimber hero 1.0 XLR"|"Kablar / Signalkablar - XLR"|2499.0000|https://hifi-freaks.se/kimber-hero-1-0-m-xlr.html|"Kimber Kable"|https://hifi-freaks.se/media/catalog/product/2/0/20579992323_1.jpg|Ja|
"Kimber Hero 1.5 M XLR"|"Kimber hero 1.5 XLR"|"Kablar / Signalkablar - XLR"|2999.0000|https://hifi-freaks.se/kimber-hero-1-5-m-xlr.html|"Kimber Kable"|https://hifi-freaks.se/media/catalog/product/2/0/20579992323_2.jpg|Ja|
"Kimber Hero 2.0 M XLR"|"Kimber hero 2.0 XLR"|"Kablar / Signalkablar - XLR"|3399.0000|https://hifi-freaks.se/kimber-hero-2-0-m-xlr.html|"Kimber Kable"|https://hifi-freaks.se/media/catalog/product/2/0/20579992323_3.jpg|Ja|
"Kimber Silver Streak 0.5 M"|"Kimber Silver Streak 0.5 "|"Kablar / Signalkablar - RCA"|3099.0000|https://hifi-freaks.se/kimber-silver-streak-0-5-m.html|"Kimber Kable"|https://hifi-freaks.se/media/catalog/product/t/o/top_nysilverstreak_1_.jpg|Ja|
"Kimber Silver Streak 1.0 M"|"Kimber Silver Streak 1.0"|"Kablar / Signalkablar - RCA"|4399.0000|https://hifi-freaks.se/kimber-silver-streak-1-0-m.html|"Kimber Kable"|https://hifi-freaks.se/media/catalog/product/t/o/top_nysilverstreak_1__1.jpg|Ja|
"Kimber Silver Streak 1.5 M"|"Kimber Silver Streak 1.5"|"Kablar / Signalkablar - RCA"|5599.0000|https://hifi-freaks.se/kimber-silver-streak-1-5-m.html|"Kimber Kable"|https://hifi-freaks.se/media/catalog/product/t/o/top_nysilverstreak_1__2.jpg|Ja|
"Kimber Silver Streak 2.0 M"|"Kimber Silver Streak 2.0"|"Kablar / Signalkablar - RCA"|6799.0000|https://hifi-freaks.se/kimber-silver-streak-2-0-m.html|"Kimber Kable"|https://hifi-freaks.se/media/catalog/product/t/o/top_nysilverstreak_1__3.jpg|Ja|
"Kimber Silver Streak 0.5 M XLR"|"Kimber Silver Streak 0.5 XLR"|"Kablar / Signalkablar - XLR"|3099.0000|https://hifi-freaks.se/kimber-silver-streak-0-5-m-xlr.html|"Kimber Kable"|https://hifi-freaks.se/media/catalog/product/2/0/20609991200.jpg|Ja|
"Kimber Silver Streak 1.0 M XLR"|"Kimber Silver Streak 1.0 XLR"|"Kablar / Signalkablar - XLR"|4399.0000|https://hifi-freaks.se/kimber-silver-streak-1-0-m-xlr.html|"Kimber Kable"|https://hifi-freaks.se/media/catalog/product/2/0/20609991200_1.jpg|Ja|
"Kimber Silver Streak 1.5 M XLR"|"Kimber Silver Streak 1.5 XLR"|"Kablar / Signalkablar - XLR"|5599.0000|https://hifi-freaks.se/kimber-silver-streak-1-5-m-xlr.html|"Kimber Kable"|https://hifi-freaks.se/media/catalog/product/2/0/20609991200_2.jpg|Ja|
"Kimber Silver Streak 2.0 M XLR"|"Kimber Silver Streak 2.0 XLR"|"Kablar / Signalkablar - XLR"|6799.0000|https://hifi-freaks.se/kimber-silver-streak-2-0-m-xlr.html|"Kimber Kable"|https://hifi-freaks.se/media/catalog/product/2/0/20609991200_3.jpg|Ja|
"Densen B-250Cast"|densenb250cast|"Stereo / Förstärkare"|45999.0000|https://hifi-freaks.se/densen-b-250cast.html|Densen|https://hifi-freaks.se/media/catalog/product/d/e/densen_b-150-plus-xs_2_1.jpg|Ja|
"Kimber KS1016 1.0 M"|ks1016|"Kablar / Signalkablar - RCA"|9749.0000|https://hifi-freaks.se/kimber-ks1016.html|"Kimber Kable"|https://hifi-freaks.se/media/catalog/product/k/s/ks1016_full.png|Ja|
"Kimber KS1026 1.0 M"|ks1026|"Kablar / Signalkablar - RCA"|16899.0000|https://hifi-freaks.se/kimber-ks.html|"Kimber Kable"|https://hifi-freaks.se/media/catalog/product/k/s/ks1026_full.png|Ja|
"Kimber KS1036 1.0 M"|ks1036|"Kablar / Signalkablar - RCA"|34999.0000|https://hifi-freaks.se/kimber-ks1036.html|"Kimber Kable"|https://hifi-freaks.se/media/catalog/product/k/s/ks1036_full.png|Ja|
"Kimber KS1116 1.0 M XLR"|KS1116|"Kablar / Signalkablar - XLR"|9799.0000|https://hifi-freaks.se/kimber-ks1116-1-0-m.html|"Kimber Kable"|https://hifi-freaks.se/media/catalog/product/k/s/ks1116_full.png|Ja|
"Kimber KS1126 1.0 M"|KS1126|"Kablar / Signalkablar - XLR"|16899.0000|https://hifi-freaks.se/kimber-ks1126-1-0-m.html|"Kimber Kable"|https://hifi-freaks.se/media/catalog/product/k/s/ks1126_full_1_.png|Ja|
"Kimber KS1136 1.0 M XLR"|KS1136|"Kablar / Signalkablar - XLR"|34999.0000|https://hifi-freaks.se/kimber-ks1136.html|"Kimber Kable"|https://hifi-freaks.se/media/catalog/product/k/s/ks1136_full.png|Ja|
"Kimber D-60 1.0 M"|D-60|"Kablar / Digitala kablar"|1949.0000|https://hifi-freaks.se/kimber-d-60-1-0-m.html|"Kimber Kable"|https://hifi-freaks.se/media/catalog/product/d/6/d60_full.png|Ja|
"Kimber KS6063 2x3m"|KS6063|"Kablar / Högtalarkablar"|64999.0000|https://hifi-freaks.se/kimber-ks6063.html|"Kimber Kable"|https://hifi-freaks.se/media/catalog/product/k/s/ks6063_full.png|Ja|
"Kimber KS6065 2x3m"|KS6065|"Kablar / Högtalarkablar"|142999.0000|https://hifi-freaks.se/kimber-ks6065-2x3m.html|"Kimber Kable"|https://hifi-freaks.se/media/catalog/product/k/s/ks6065_full.png|Ja|
"8300A Svart b stock"|secretprice||6999.0000|https://hifi-freaks.se/secret-price.html||https://hifi-freaks.se/media/catalog/product/no_selection|Ja|
"Kimber SBAN"|"KIMBER SBAN"|"Kablar / Högtalarkablar"|79.0000|https://hifi-freaks.se/kimber-sban-721.html|"Kimber Kable"|https://hifi-freaks.se/media/catalog/product/s/b/sban_2.png|Ja|
"Earthquake CM-600"|CM-600|"Högtalare / Inbyggnadshögtalare"|2299.0000|https://hifi-freaks.se/earthquake-cm-600.html|Earthquake|https://hifi-freaks.se/media/catalog/product/c/m/cm-600_03-750x500.jpg|Ja|
"QED PROFILE SUBWOOFER 3M	"|"QED QE5101	"||239.0000|https://hifi-freaks.se/qed-profile-subwoofer-3m.html||https://hifi-freaks.se/media/catalog/product/no_selection|Ja|
Stancette|stancette|"Tillbehör / Högtalarstativ"|849.0000|https://hifi-freaks.se/stancette.html||https://hifi-freaks.se/media/catalog/product/1/0/105982_1_.jpg|Ja|
"Densen B-305 Anniversary"|b-305|"Stereo / Förstärkare"|8999.0000|https://hifi-freaks.se/densen-b-305-anniversary.html|Densen|https://hifi-freaks.se/media/catalog/product/t/o/top_densenb305.png|Ja|
"QUAD Vena-Vit (B-stock)"|"Quad Vena vit-bstock"|Lagerrensning|4099.0000|https://hifi-freaks.se/quad-vena-mahogny-775.html|Wharfedale|https://hifi-freaks.se/media/catalog/product/v/e/vena_20150520143259_285_1_2.jpg|Ja|
"Tannoy Revolution XT Mini"|tannoyxtmini|"Högtalare / Kompakta högtalare"|4299.0000|https://hifi-freaks.se/tannoy-revolution-xt-mini.html||https://hifi-freaks.se/media/catalog/product/r/e/revolution-xt-revolution-xt-mini-307dc707-grilleoff-darkwalnut-right.png|Ja|
"Tannoy Revolution XT 6"|tannoyxt6|"Högtalare / Kompakta högtalare"|6999.0000|https://hifi-freaks.se/tannoy-revolution-xt-6.html||https://hifi-freaks.se/media/catalog/product/b/e/bef2953c-8aa0-e411-940d-d4ae52c72f05.jpg|Ja|
"Tannoy Revolution XT 6F"|tannoyxt6f|"Högtalare / Golvhögtalare"|9999.0000|https://hifi-freaks.se/tannoy-revolution-xt-6f.html||https://hifi-freaks.se/media/catalog/product/r/e/revolution-xt-revolution-xt-6f-9a3f0374-grilleoff-darkwalnut-right.png|Ja|
"Tannoy Revolution XT 8F"|tannoyxt8f|"Högtalare / Golvhögtalare"|14999.0000|https://hifi-freaks.se/tannoy-revolution-xt-8f.html||https://hifi-freaks.se/media/catalog/product/r/e/revolution-xt-revolution-xt-8f-7bff328e-grileoff-darkwalnut-right.png|Ja|
"Tannoy Revolution XT C"|tannoyxtc|"Högtalare / Centerhögtalare"|3999.0000|https://hifi-freaks.se/tannoy-revolution-xt-c.html||https://hifi-freaks.se/media/catalog/product/r/e/revolution-xt-revolution-xt-c-2c415d5f-grilleoff-darkwalnut-right.png|Ja|
"Tannoy Kingdom Royal Carbon Black"|TannoyCarbonBlack|"Högtalare / Golvhögtalare"|500000.0000|https://hifi-freaks.se/tannoy-kingdom-royal-carbon-black.html||https://hifi-freaks.se/media/catalog/product/k/i/kingdom-royal-carbon-side.jpg|Ja|
"Quad Z-3 - Black (B-stock)"|QUAD-Z3-BSTOCK|Lagerrensning|17499.0000|https://hifi-freaks.se/quad-z-3-black.html|Quad|https://hifi-freaks.se/media/catalog/product/t/h/th41477406869quadz3speakers.jpg|Ja|
"Tannoy Eclipse Three"|tannoyecl|"Högtalare / Golvhögtalare"|4364.0000|https://hifi-freaks.se/tannoy-eclipse-three.html||https://hifi-freaks.se/media/catalog/product/e/c/eclipse-eclipse-three-f5e5f2ce-grille-off-blackoak-right.png|Ja|
"Tannoy Legacy Arden"|tannoyarden|"Högtalare / Golvhögtalare"|72500.0000|https://hifi-freaks.se/tannoy-legacy-arden.html||https://hifi-freaks.se/media/catalog/product/a/r/arden-left.png|Ja|
"Tannoy Legacy Cheviot"|tannoyche|"Högtalare / Golvhögtalare"|39999.0000|https://hifi-freaks.se/tannoy-legacy-cheviot.html||https://hifi-freaks.se/media/catalog/product/c/e/ceviot-left.png|Ja|
"Audiofly AF78m"|Audioflyaf78|Hörlurar|1399.0000|https://hifi-freaks.se/audiofly-af78.html||https://hifi-freaks.se/media/catalog/product/a/f/af782-1-01-front-both-2_lr-600x600.jpg|Ja|
"Audiofly AF56m"|Audioflyaf56|Hörlurar|779.0000|https://hifi-freaks.se/audiofly-af56m.html||https://hifi-freaks.se/media/catalog/product/a/u/audiofly-af56m-in-ear-headphones-vintage-white-au-stock-112474181447-4.jpg|Ja|
"Tibo Harmony 2"|harmony2|"Högtalare / Kompakta högtalare"|799.0000|https://hifi-freaks.se/tibo-harmony-2.html||https://hifi-freaks.se/media/catalog/product/h/a/harm2_front_500_1_.jpg|Ja|
"Tibo Harmony 4"|harmony4|Lagerrensning|1199.0000|https://hifi-freaks.se/tibo-harmony-4.html|TIBO|https://hifi-freaks.se/media/catalog/product/h/a/harmony_2_500_pair_1.jpg|Ja|
"Densen B-230Cast"|230b|"Stereo / Förstärkare"|22999.0000|https://hifi-freaks.se/densen-b-230cast.html|Densen|https://hifi-freaks.se/media/catalog/product/t/o/top_b230cast.jpg|Ja|
"TIBO SmartStreamer"|smarst|"Stereo / Nettverksspiller"|1349.0000|https://hifi-freaks.se/tibo-smartstreamer.html|TIBO|https://hifi-freaks.se/media/catalog/product/3/1/319667-3.jpg|Ja|
"Tibo Choros Porta"|porta|"Högtalare / Aktiva högtalare"|1098.0000|https://hifi-freaks.se/tibo-choros-porta.html|TIBO|https://hifi-freaks.se/media/catalog/product/n/e/new_choros_porta.99.jpg|Ja|
"Tibo Choros 2"|choros2|"Högtalare / Aktiva högtalare"|899.0000|https://hifi-freaks.se/tibo-choros-2.html|TIBO|https://hifi-freaks.se/media/catalog/product/t/o/top_choros2.jpg|Ja|
"Tibo Choros 4"|choros4|"Högtalare / Aktiva högtalare"|2499.0000|https://hifi-freaks.se/tibo-choros-4.html|TIBO|https://hifi-freaks.se/media/catalog/product/t/o/top_choros4.jpg|Ja|
"Tibo Choros 6"|tibo6|"Högtalare / Aktiva högtalare"|2799.0000|https://hifi-freaks.se/tibo-choros-6.html|TIBO|https://hifi-freaks.se/media/catalog/product/5/7/57734_2_.jpg|Ja|
"Earthquake CM8Dual"|cm8dual|"Högtalare / Inbyggnadshögtalare"|1199.0000|https://hifi-freaks.se/earthquake-cm8dual.html||https://hifi-freaks.se/media/catalog/product/c/m/cm-8dual_03-1024x683.jpg|Ja|
"Wharfedale 11.CS"|11cs|"Högtalare / Centerhögtalare"|2099.0000|https://hifi-freaks.se/wharfedale-11-cs.html|Wharfedale|https://hifi-freaks.se/media/catalog/product/w/0/w00112_20170630213223_1830.jpg|Ja|
"Densen B-310 Anniversary "|b-310|"Stereo / Förstärkare"|10999.0000|https://hifi-freaks.se/densen-b-310-anniversary.html||https://hifi-freaks.se/media/catalog/product/t/o/top_densenb30x_1_1_1_1.jpg|Ja|
"Wharfedale CDP 1600"|w1600|"Stereo / Förstärkare"|4499.0000|https://hifi-freaks.se/wharfedale-cdp-1600.html|Wharfedale|https://hifi-freaks.se/media/catalog/product/c/p/cpd1600front_1.jpg|Ja|
"Wharfedale CDP 2600"|cd2600|"Stereo / Förstärkare"|3199.0000|https://hifi-freaks.se/wharfedale-cdp-2600.html|Wharfedale|https://hifi-freaks.se/media/catalog/product/c/d/cdp2600front.jpg|Ja|
"Wharfedale CDP 3600"|3600|"Stereo / Förstärkare"|4099.0000|https://hifi-freaks.se/wharfedale-cdp-3600.html|Wharfedale|https://hifi-freaks.se/media/catalog/product/c/d/cdp3600_top.jpg|Ja|
"Wharfedale EVP-X15 MKII"|evp15|"Högtalare / Golvhögtalare"|3599.0000|https://hifi-freaks.se/wharfedale-evp-x15-mkii.html|Wharfedale|https://hifi-freaks.se/media/catalog/product/e/v/evp15_frotn.jpg|Ja|
"Wharfedale EVP-X215 MKII"|x215|"Högtalare / Golvhögtalare"|4999.0000|https://hifi-freaks.se/wharfedale-evp-x15-mkii-983.html||https://hifi-freaks.se/media/catalog/product/w/0/w00011_20141020080959_317.jpg|Ja|
"Wharfedale Titan 8A MKII"|8titan|"Högtalare / Aktiva högtalare"|3398.0000|https://hifi-freaks.se/wharfedale-titan-8a-mkii.html|Wharfedale|https://hifi-freaks.se/media/catalog/product/w/0/w00003_20141016091447_241.jpg|Ja|
"Wharfedale TITAN-X12"|titann|"Högtalare / Kompakta högtalare"|3199.0000|https://hifi-freaks.se/wharfedale-titan-x12.html|Wharfedale|https://hifi-freaks.se/media/catalog/product/w/0/w00136_20161227145348_2806.jpg|Ja|
"Wharfedale Denton 80th Anniversary"|denton|"Högtalare / Kompakta högtalare"|7999.0000|https://hifi-freaks.se/wharfedale-denton-80th-anniversary-1036.html|Wharfedale|https://hifi-freaks.se/media/catalog/product/w/0/w00003_20131112170518_23.jpg|Ja|
"TIBO Ti435 AMP"|TIBO-AMP435|"Stereo / Förstärkare"|1599.0000|https://hifi-freaks.se/tibo-ti435-amp.html|TIBO|https://hifi-freaks.se/media/catalog/product/t/i/ti435_amp_angle_preview.jpeg|Ja|
"Quad PA-One (B-stock)"|"PA-One b-stock"|Lagerrensning|11999.0000|https://hifi-freaks.se/quad-pa-one-b-stock.html|Quad|https://hifi-freaks.se/media/catalog/product/p/a/pa-one_20150520162510_332_1.jpg|Ja|
"Quad 9AS (B-stock, Röd Ruby)"|"Quad 9AS B-stock, Röd Ruby"|Lagerrensning|6499.0000|https://hifi-freaks.se/quad-9as-b-stock-rod-ruby.html|Quad|https://hifi-freaks.se/media/catalog/product/q/u/quad_9as_pair_ruby_red.jpg|Ja|
"Quad 9AS (B-stock, Svart)"|"Quad 9AS B-stock, Svart"|Lagerrensning|6499.0000|https://hifi-freaks.se/quad-9as-b-stock-svart.html|Quad|https://hifi-freaks.se/media/catalog/product/q/u/quad-9as-1_2.jpg|Ja|
"Polk Audio S15"|polks15|"Högtalare / Kompakta högtalare"|1799.0000|https://hifi-freaks.se/polk-audio-s15.html||https://hifi-freaks.se/media/catalog/product/b/i/big-s15blk.jpg|Ja|
"Polk Audio S20"|polks20|"Högtalare / Kompakta högtalare"|3499.0000|https://hifi-freaks.se/polk-audio-s20-1016.html||https://hifi-freaks.se/media/catalog/product/p/o/polk_component_signature_series_s20_bookshelf_speaker_studio_pair_007.png|Ja|
"Polk Audio S10"|polks10|"Högtalare / Kompakta högtalare"|2499.0000|https://hifi-freaks.se/polk-audio-s10.html||https://hifi-freaks.se/media/catalog/product/p/o/polk_component_signature_series_s10_bookshelf_speaker_pair_studio_007.png|Ja|
"TIBO SmartAMP + Wharfedale Diamond 225"|TIBOsmartampdiamond225|"Högtalare / System"|3699.0000|https://hifi-freaks.se/tibo-smartamp-diamond225.html|TIBO|https://hifi-freaks.se/media/catalog/product/t/o/top_tibosmartampdiamond220.png|Ja|
"TIBO SmartAMP + Wharfedale Diamond 225-Vit"|TIBOsmartampdiamond225-Vit||3699.0000|https://hifi-freaks.se/tibo-smartamp-wharfedale-diamond-225-vit.html|TIBO||Ja|
"TIBO SmartAMP + Wharfedale Diamond 225-Svart"|TIBOsmartampdiamond225-Svart||3699.0000|https://hifi-freaks.se/tibo-smartamp-wharfedale-diamond-225-svart.html|TIBO||Ja|
"Wharfedale Diamond 11.3 (B-stock)"|wharfedale-diamond-11-3-bstock|Lagerrensning|4750.0000|https://hifi-freaks.se/wharfedale-diamond-11-3-bstock.html|Wharfedale|https://hifi-freaks.se/media/catalog/product/d/1/d11-3_1.jpg|Ja|
"Mission Aero (B-stock)"|mission-aero-bstock|Lagerrensning|2299|https://hifi-freaks.se/mission-aero-bstock.html|Mission|https://hifi-freaks.se/media/catalog/product/a/e/aero-1_1.jpg|Nej|
"Earthquake MiniMe P12v2 (B-stock)"|earthquake-minime-p12v2-bstock|Lagerrensning|7799.0000|https://hifi-freaks.se/earthquake-minime-p12v2-bstock.html|Earthquake|https://hifi-freaks.se/media/catalog/product/m/i/minimep12_09_1.jpg|Ja|
"Polk Audio S20 (B-stock, vit)"|polk-audio-s20-bstock|Lagerrensning|2299.0000|https://hifi-freaks.se/polk-audio-s20-bstock.html||https://hifi-freaks.se/media/catalog/product/p/o/polk-audio-signature-s20-regallautsprecher-weiss-125-w-39-bis-40000-hz-1-paar-1100x1100_2.jpg|Ja|
"Mission QX-1"|qx-1|"Högtalare / Kompakta högtalare"|3499.0000|https://hifi-freaks.se/mission-qx-1.html|Mission|https://hifi-freaks.se/media/catalog/product/q/x/qx-1_blackwood_3_.jpg|Ja|
"Mission QX-2"|qx-2|"Högtalare / Kompakta högtalare"|4499.0000|https://hifi-freaks.se/mission-qx-2.html||https://hifi-freaks.se/media/catalog/product/q/x/qx-2_blackwood_1_.jpg|Ja|
"Mission QX-3"|qx-3|"Högtalare / Golvhögtalare"|6299.0000|https://hifi-freaks.se/mission-qx-3.html|Mission|https://hifi-freaks.se/media/catalog/product/q/x/qx-3_blackwood_5_.jpg|Ja|
"Mission QX-4"|qx-4|"Högtalare / Golvhögtalare"|8999.0000|https://hifi-freaks.se/mission-qx-4.html|Mission|https://hifi-freaks.se/media/catalog/product/q/x/qx-4_blackwood_5_.jpg|Ja|
"Mission QX-5"|qx-5|"Högtalare / Golvhögtalare"|11999.0000|https://hifi-freaks.se/mission-qx-5.html|Mission|https://hifi-freaks.se/media/catalog/product/q/x/qx-5_blackwood_5_.jpg|Ja|
"Polk Audio S30"|polks30|"Högtalare / Centerhögtalare"|2999.0000|https://hifi-freaks.se/polk-audio-s30.html||https://hifi-freaks.se/media/catalog/product/p/o/polk_component_signature_series_s30_center_channel_speaker_studio_001.png|Ja|
"Polk Audio S35"|polks35|"Högtalare / Centerhögtalare"|3499.0000|https://hifi-freaks.se/polk-audio-s35.html||https://hifi-freaks.se/media/catalog/product/p/o/polk_component_signature_series_s35_slim_center_channel_speaker_studio_001.20161121.051355.jpg|Ja|
"Polk Audio S50"|polks50|"Högtalare / Golvhögtalare"|5998.0000|https://hifi-freaks.se/polk-audio-s50.html||https://hifi-freaks.se/media/catalog/product/p/o/polk_component_signature_series_s50_floorstanding_speaker_studio_001.png|Ja|
"Polk Audio S55"|polks55|"Högtalare / Golvhögtalare"|7998.0000|https://hifi-freaks.se/polk-audio-s55.html||https://hifi-freaks.se/media/catalog/product/p/o/polk_component_signature_series_s55_primary_hero.png|Ja|
"Polk Audio S60"|polks60|"Högtalare / Golvhögtalare"|7599.0000|https://hifi-freaks.se/polk-audio-s60.html||https://hifi-freaks.se/media/catalog/product/p/o/polk_component_signature_series_s60_floorstanding_speaker_studio_001.png|Ja|
"QUAD S-2-Svart"|quad-s2-Svart||5299.0000|https://hifi-freaks.se/quad-s-2-svart.html|Quad||Ja|
"Audiolab P-DAC"|audiolabpdac|"Stereo / D/A-OMVANDLARE"|1199.0000|https://hifi-freaks.se/audiolab-p-dac.html|Audiolab|https://hifi-freaks.se/media/catalog/product/a/u/audiolabpdac_1_1.jpg|Ja|
"Cambridge Audio Topaz AM5"|C10967||1699.0000|https://hifi-freaks.se/catalog/product/view/id/1079/s/cambridge-topaz-am5/|"Cambridge Audio"|https://hifi-freaks.se/media/catalog/product/c/a/cambridge_audio_topaz_am5_front.jpg|Ja|
"Cambridge Audio Topaz AM10"|C10962||2299.0000|https://hifi-freaks.se/catalog/product/view/id/1081/s/cambridge-audio-topaz-am10/|"Cambridge Audio"|https://hifi-freaks.se/media/catalog/product/c/a/cambridge_audio_topaz_am10_packshot.jpg|Ja|
"Cambridge Audio Azur 851W"|851w|"Stereo / Förstärkare"|20999.0000|https://hifi-freaks.se/cambridge-azur-851w.html|"Cambridge Audio"|https://hifi-freaks.se/media/catalog/product/3/1/312068.jpg|Ja|
"Cambridge Audio SR10"|SKU||3099|https://hifi-freaks.se/catalog/product/view/id/1086/s/cambridge-audio-sr10/|"Cambridge Audio"|https://hifi-freaks.se/media/catalog/product/c/a/cambridge_audio_topaz_sr10_packshot.jpg|Nej|
"Cambridge Audio Azur 851A"|851A|"Stereo / Förstärkare"|16699.0000|https://hifi-freaks.se/cambridge-azur-851a.html|"Cambridge Audio"|https://hifi-freaks.se/media/catalog/product/w/e/westcoasthifi_cambridge-audio_851a_3.png|Ja|
"Cambridge Audio Topaz SR20"|SKU1||4199|https://hifi-freaks.se/catalog/product/view/id/1089/s/cambridge-audio-topaz-sr20/|"Cambridge Audio"|https://hifi-freaks.se/media/catalog/product/c/a/cambridge_audio_topaz_sr20_packshot.jpg|Nej|
"Cambridge Audio Topaz CD5"|Sku12||1599|https://hifi-freaks.se/catalog/product/view/id/1093/s/cambridge-audio-topaz-cd5/|"Cambridge Audio"|https://hifi-freaks.se/media/catalog/product/c/a/cambridge_audio_topaz_cd5_packshot.jpg|Nej|
"Cambridge Audio Azur 851N"|851n|"Stereo / Nettverksspiller"|16699.0000|https://hifi-freaks.se/cambridge-azur-851n.html|"Cambridge Audio"|https://hifi-freaks.se/media/catalog/product/c/a/cambridge_audio_azur_851n_ultra_high-end_network_playerx_1_.jpg|Ja|
"Cambridge Audio Topaz CD10"|Sku3|"Stereo / CD-spelare"|2299.0000|https://hifi-freaks.se/cambridge-audio-topaz-cd10.html|"Cambridge Audio"|https://hifi-freaks.se/media/catalog/product/c/a/cambridge_audio_topaz_cd10_packshot.jpg|Ja|
"Cambridge Audio Azur 851C"|851C|"Stereo / CD-spelare"|16699.0000|https://hifi-freaks.se/cambridge-azur-851c.html|"Cambridge Audio"|https://hifi-freaks.se/media/catalog/product/c/a/cam851cbk_1.jpg|Ja|
"Cambridge Audio CXA60"|cxa60|"Stereo / Förstärkare"|6699.0000|https://hifi-freaks.se/cambridge-cxa60.html|"Cambridge Audio"|https://hifi-freaks.se/media/catalog/product/3/1/314258.jpg|Ja|
"Cambridge Audio CXA80"|cxa80|"Stereo / Förstärkare"|8299.0000|https://hifi-freaks.se/cambridge-cxa80.html|"Cambridge Audio"|https://hifi-freaks.se/media/catalog/product/c/x/cxa802.png|Ja|
"Cambridge Audio CXC"|cxc|"Stereo / CD-spelare"|4599.0000|https://hifi-freaks.se/cambridge-cxc.html|"Cambridge Audio"|https://hifi-freaks.se/media/catalog/product/c/a/cambridge_audio_cxc_front_black.jpg|Ja|
"Cambridge Audio CXN (V2)"|cxn|"Stereo / D/A-OMVANDLARE"|11299.0000|https://hifi-freaks.se/cambridge-cxn-v2.html|"Cambridge Audio"|https://hifi-freaks.se/media/catalog/product/1/1/11odtwarzacz_sieciowy_cambridge_audio_cxn_v2_2.jpg|Ja|
"Cambridge Audio CXUHD"|cxuhd|"Stereo / Nettverksspiller"|8299.0000|https://hifi-freaks.se/cambridge-cxuhd.html|"Cambridge Audio"|https://hifi-freaks.se/media/catalog/product/c/a/cambridge_audio_cxuhd_header_tech_specs_front.jpg|Ja|
"Cambridge Audio CXR200"|cxr200|"Surround / Surround reciever"|20599.0000|https://hifi-freaks.se/cambridge-cxr200.html|"Cambridge Audio"|https://hifi-freaks.se/media/catalog/product/c/a/cambridge_audio_cxr200_techspec_front.jpg|Ja|
"Cambridge Audio DacMagic 100"|dac100|"Stereo / D/A-OMVANDLARE"|1699.0000|https://hifi-freaks.se/cambridge-audio-dacmagic-100.html|"Cambridge Audio"|https://hifi-freaks.se/media/catalog/product/g/7/g779dac100b-f.jpeg|Ja|
"Cambridge Audio DacMagic Plus"|dacplus|"Stereo / D/A-OMVANDLARE"|3599.0000|https://hifi-freaks.se/cambridge-audio-dacmagic-plus.html|"Cambridge Audio"|https://hifi-freaks.se/media/catalog/product/w/e/westcoasthifi_cambridge-audio_dac-magic-plus_3.jpg|Ja|
"Cambridge Audio DacMagic XS v2"|xs|"Stereo / D/A-OMVANDLARE"|729.0000|https://hifi-freaks.se/cambridge-audio-dacmagic-xs.html|"Cambridge Audio"|https://hifi-freaks.se/media/catalog/product/7/1/71adttvppml._sx425_.jpg|Ja|
"Cambridge Audio CP1"|cp1||799.0000|https://hifi-freaks.se/cambridge-audio-cp1.html|"Cambridge Audio"|https://hifi-freaks.se/media/catalog/product/c/p/cp1s.jpg|Ja|
"Cambridge Audio CP2"|cp22|"Stereo / RIAA"|1299.0000|https://hifi-freaks.se/cambridge-audio-cp2.html||https://hifi-freaks.se/media/catalog/product/1/_/1_b618d3be-77e1-48fb-aabd-58a74789777a.jpg|Ja|
"Cambridge Audio Solo"|soloo|"Stereo / RIAA"|1899.0000|https://hifi-freaks.se/cambridge-audio-solo.html|"Cambridge Audio"|https://hifi-freaks.se/media/catalog/product/c/a/cambridge_audio_solo_tech_specs_fornt_0.jpg|Ja|
"Cambridge Audio Duo"|duoo|"Stereo / RIAA"|3099.0000|https://hifi-freaks.se/cambridge-audio-duo.html|"Cambridge Audio"|https://hifi-freaks.se/media/catalog/product/d/u/duooo.jpg|Ja|
"Cambridge Audio TV2 (v2)"|tv22|"Högtalare / Aktiva högtalare"|2799.0000|https://hifi-freaks.se/cambridge-audio-tv2-v2.html|"Cambridge Audio"|https://hifi-freaks.se/media/catalog/product/t/v/tv2.jpg|Ja|
"Cambridge Audio TV5 (v2)"|tv55|"Högtalare / Aktiva högtalare"|3499.0000|https://hifi-freaks.se/cambridge-audio-tv5-v2.html|"Cambridge Audio"|https://hifi-freaks.se/media/catalog/product/t/v/tv5.jpg|Ja|
"Cambridge Audio TVB2 (v2)"|tvb22|"Högtalare / Aktiva högtalare"|4199.0000|https://hifi-freaks.se/cambridge-audio-tvb2-v2.html|"Cambridge Audio"|https://hifi-freaks.se/media/catalog/product/t/b/tbv.jpg|Ja|
"Cambridge Audio ONE"|ONEN|"Stereo / Förstärkare"|4199.0000|https://hifi-freaks.se/cambridge-audio-one.html|"Cambridge Audio"|https://hifi-freaks.se/media/catalog/product/o/n/one-gallery-3.jpg|Ja|
"Cambridge Audio YoYo S"|yoyoss|"Högtalare / Aktiva högtalare"|1899.0000|https://hifi-freaks.se/cambridge-audio-yoyo-s.html|"Cambridge Audio"|https://hifi-freaks.se/media/catalog/product/y/o/yo.jpg|Ja|
"Cambridge Audio YoYo M"|yoyoymmm|"Högtalare / Aktiva högtalare"|3599.0000|https://hifi-freaks.se/cambridge-audio-yoyo-m.html|"Cambridge Audio"|https://hifi-freaks.se/media/catalog/product/m/_/m_1.jpg|Ja|
"Cambridge Audio Air 100 v2"|air100|"Högtalare / Aktiva högtalare"|2799.0000|https://hifi-freaks.se/cambridge-audio-air100.html|"Cambridge Audio"|https://hifi-freaks.se/media/catalog/product/s/-/s-l500.jpg|Ja|
"Cambridge Audio Air 200 v2"|air20i|"Högtalare / Aktiva högtalare"|3499.0000|https://hifi-freaks.se/cambridge-audio-air-200-v2.html|"Cambridge Audio"|https://hifi-freaks.se/media/catalog/product/3/1/315193.jpg|Ja|
"Cambridge Audio SX-50"|sx50|"Högtalare / Kompakta högtalare"|2099.0000|https://hifi-freaks.se/cambridge-audio-sx-50.html|"Cambridge Audio"|https://hifi-freaks.se/media/catalog/product/3/1/311502.jpg|Ja|
"Cambridge Audio SX-60"|sx600|"Högtalare / Kompakta högtalare"|3099.0000|https://hifi-freaks.se/cambridge-audio-sx-60.html|"Cambridge Audio"|https://hifi-freaks.se/media/catalog/product/3/1/311505.jpg|Ja|
"Cambridge Audio SX-70"|sx700||1899.0000|https://hifi-freaks.se/catalog/product/view/id/1174/s/cambridge-audio-sx-70/|"Cambridge Audio"|https://hifi-freaks.se/media/catalog/product/3/1/314286.jpg|Ja|
"Cambridge Audio SX-80"|sx800|"Högtalare / Golvhögtalare"|5599.0000|https://hifi-freaks.se/cambridge-audio-sx-80.html|"Cambridge Audio"|https://hifi-freaks.se/media/catalog/product/c/a/cambridge-audio-sx80-black-1100x1100.jpg|Ja|
"Cambridge Audio AeroMax 2"|aero2|"Högtalare / Kompakta högtalare"|6999.0000|https://hifi-freaks.se/cambridge-audio-aeromax-2.html|"Cambridge Audio"|https://hifi-freaks.se/media/catalog/product/6/1/61970jecozl._sl1235_.jpg|Ja|
"Cambridge Audio AeroMax 6"|aero6|"Högtalare / Golvhögtalare"|13999.0000|https://hifi-freaks.se/cambridge-audio-aeromax-6.html|"Cambridge Audio"|https://hifi-freaks.se/media/catalog/product/a/r/art544349_cambridge_audio_aeromax_6_paar_weisz.jpg|Ja|
"Cambridge Audio Minx Min 12"|min12|"Högtalare / Kompakta högtalare"|1699.0000|https://hifi-freaks.se/cambridge-audio-minx-min-12.html|"Cambridge Audio"|https://hifi-freaks.se/media/catalog/product/m/i/minx12_1.jpg|Ja|
"Cambridge Audio Minx Min 22"|min22|"Högtalare / Kompakta högtalare"|3398.0000|https://hifi-freaks.se/cambridge-audio-minx-min-22.html|"Cambridge Audio"|https://hifi-freaks.se/media/catalog/product/c/a/cambridge_audio_min22_black_white.jpg|Ja|
"Cambridge Audio Minx X201"|x201|"Högtalare / Subwoofers"|4199.0000|https://hifi-freaks.se/cambridge-audio-minx-x201.html|"Cambridge Audio"|https://hifi-freaks.se/media/catalog/product/c/a/cambridge_audio_x201_black_white.jpg|Ja|
"Cambridge Audio Minx X301"|x301|"Högtalare / Subwoofers"|5999.0000|https://hifi-freaks.se/cambridge-audio-minx-x301.html|"Cambridge Audio"|https://hifi-freaks.se/media/catalog/product/c/a/cambridge_audio_x301_black_white.jpg|Ja|
"Cambridge Audio YoYo L"|yoyoll|"Högtalare / Aktiva högtalare"|4999.0000|https://hifi-freaks.se/cambridge-audio-yoyo-l.html|"Cambridge Audio"|https://hifi-freaks.se/media/catalog/product/c/a/cambridge_audio_yoyo_l_tech_spec_dark_grey__0.jpg|Ja|
"Polk Audio RTiA1"|lala|"Högtalare / Kompakta högtalare"|4999.0000|https://hifi-freaks.se/polk-audio-rtia1.html|"Polk Audio"|https://hifi-freaks.se/media/catalog/product/7/4/747192118372_front_studio.png|Ja|
"Polk Audio LSiM707"|..||42999.0000|https://hifi-freaks.se/lsim707.html|"Polk Audio"|https://hifi-freaks.se/media/catalog/product/7/4/747192121211_hero.png|Ja|
"Polk Audio RTiA9"|,,|"Högtalare / Golvhögtalare"|21499.0000|https://hifi-freaks.se/polk-audio-rtia9.html||https://hifi-freaks.se/media/catalog/product/7/4/747192118457_studio_front.png|Ja|
"Polk Audio OWM3"|,...||2499.0000|https://hifi-freaks.se/polk-audio-owm3.html||https://hifi-freaks.se/media/catalog/product/p/o/polk_audio_am3345_owm3_compact_surround_speakrs_1385664.jpg|Ja|
"Polk Audio OWM5"|,,..|"Högtalare / Kompakta högtalare"|4999.0000|https://hifi-freaks.se/polk-audio-owm5-1241.html||https://hifi-freaks.se/media/catalog/product/7/4/747192116606_hero.png|Ja|
"Polk Audio RTiA3"|1254|"freakyWEEKEND - Erbjudanden!"|3499.0000|https://hifi-freaks.se/polk-audio-rtia3.html|"Polk Audio"|https://hifi-freaks.se/media/catalog/product/p/o/polk-audio-rti-a3-lateral-com-tela.jpg|Ja|
"Quad ESL-2812 (B-stock)"|esl2812bstock|Lagerrensning|64999.0000|https://hifi-freaks.se/quad-esl-2922.html|Quad|https://hifi-freaks.se/media/catalog/product/q/u/quad_esl-2812_1.jpg|Ja|
"Polk Audio TL1700 - B-stock"|"Polk Audio TL1700 B-stock"|Lagerrensning|3999.0000|https://hifi-freaks.se/polk-audio-tl1700.html||https://hifi-freaks.se/media/catalog/product/t/l/tl1700_2.jpg|Ja|
"Wharfedale Diamond 230 (B-stock)"|diamond230bstock|Lagerrensning|3499.0000|https://hifi-freaks.se/wharfedale-diamond-269.html|Wharfedale|https://hifi-freaks.se/media/catalog/product/d/i/diamond230test_1.jpg|Ja|
"Cambridge Audio Azur 851A (B-stock, svart)"|851ab-stock|Lagerrensning|11999.0000|https://hifi-freaks.se/cambridge-azur-851a-1304.html|"Cambridge Audio"|https://hifi-freaks.se/media/catalog/product/w/e/westcoasthifi_cambridge-audio_851a_3_1.png|Ja|
"Cambridge Audio Azur 851W (B-stock, svart)"|851wbstocksvart|Lagerrensning|13999.0000|https://hifi-freaks.se/cambridge-azur-851w-1315.html|"Cambridge Audio"|https://hifi-freaks.se/media/catalog/product/3/1/311869_2.jpg|Ja|
"Polk Audio RTiA7 (B-stock, Svart)"|"Polk Audio RTiA7 (B-stock, Svart)"|Lagerrensning|7499.0000|https://hifi-freaks.se/polk-audio-rtia7-bstock.html||https://hifi-freaks.se/media/catalog/product/7/4/747192118433_hero_1.png|Ja|
"Cambridge Audio AeroMax 6 (B-stock, vit)"|aeromax6bstock|Lagerrensning|8999.0000|https://hifi-freaks.se/cambridge-audio-aeromax-6-bstock.html|"Cambridge Audio"|https://hifi-freaks.se/media/catalog/product/a/e/aeromax-6-white_tech-specs_1.jpg|Ja|
"Polk Audio RTiA3 (B-stock, Svart)"|"Polk Audio RTiA3 (B-stock, Svart)"|Lagerrensning|2999.0000|https://hifi-freaks.se/polk-audio-rtia3-1311.html|"Polk Audio"|https://hifi-freaks.se/media/catalog/product/p/o/polk-audio-rti-a3-lateral-com-tela_1.jpg|Ja|
"Polk Audio LSiM703 (B-stock)"|"Polk Audio LSiM703 B-STOCK"|Lagerrensning|10999.0000|https://hifi-freaks.se/polk-audio-lsim703.html|"Polk Audio"|https://hifi-freaks.se/media/catalog/product/7/4/747192121136_hero_1.png|Ja|
"Mission MX3 Walnut"|mx3walnutb-stock||2299.0000|https://hifi-freaks.se/mission-mx3-1316.html|Mission|https://hifi-freaks.se/media/catalog/product/m/i/missionmx32.jpg|Ja|
"Mission MX3 (B-stock, walnut)"|mx3b-stock|Lagerrensning|2099.0000|https://hifi-freaks.se/mission-mx3-bstock.html|Mission|https://hifi-freaks.se/media/catalog/product/m/i/missionmx32_1.jpg|Ja|
"Wharfedale Jade 3 (B-stock, vit)"|wharfedale-jade-3-bstock|Lagerrensning|6499.0000|https://hifi-freaks.se/wharfedale-jade-19.html|Wharfedale|https://hifi-freaks.se/media/catalog/product/j/a/jade31_1.jpg|Ja|
"Polk Audio RTiA1 (B-stock, Svart)"|"Polk Audio RTiA1 (B-stock, Svart)"|Lagerrensning|2499.0000|https://hifi-freaks.se/polk-audio-rtia1-1315.html|"Polk Audio"|https://hifi-freaks.se/media/catalog/product/7/4/747192118372_front_studio_1.png|Ja|
"Wharfedale Diamond 240 (B-stock)"|"Wharfedale Diamond 240 (B-stock)"|Lagerrensning|5998.0000|https://hifi-freaks.se/wharfedale-diamond-270.html|Wharfedale|https://hifi-freaks.se/media/catalog/product/d/i/diamond240top_1.jpg|Ja|
"Mission QX-2 (B-stock, svart)"|"Mission QX-2 (B-stock)"|Lagerrensning|3299.0000|https://hifi-freaks.se/mission-qx-24.html|Mission|https://hifi-freaks.se/media/catalog/product/q/x/qx-2_blackwood_1__1.jpg|Ja|
"Cambridge Audio AeroMax 2 (B-stock)"|aeromax2bstock|Lagerrensning|4299.0000|https://hifi-freaks.se/cambridge-audio-aeromax-17.html|"Cambridge Audio"|https://hifi-freaks.se/media/catalog/product/6/1/61970jecozl._sl1235__1.jpg|Ja|
"Mission QX-2 (B-stock, Valnöt)"|"Mission QX-2 (B-stock, Valnöt)"|Lagerrensning|3299.0000|https://hifi-freaks.se/mission-qx-25.html|Mission|https://hifi-freaks.se/media/catalog/product/q/x/qx-2_blackwood_1__1_1.jpg|Ja|
"Tannoy Eaton (B-stock)"|TannoyEaton|Lagerrensning|33998.0000|https://hifi-freaks.se/tannoy-eaton.html||https://hifi-freaks.se/media/catalog/product/s/c/screen-shot-2017-10-07-at-11.28.22.png|Ja|
"Densen B-200+ Svart / Guldknapper (Demo)"|densen-b200plus|Lagerrensning|8499.0000|https://hifi-freaks.se/densen-b-200-svart-guldknapper-demo.html|Densen|https://hifi-freaks.se/media/catalog/product/b/2/b200_4.jpg|Ja|
"TIBO SIA75 (demo)"|tibo-sia75|Lagerrensning|2799.0000|https://hifi-freaks.se/tibo-sia75-demo.html|TIBO|https://hifi-freaks.se/media/catalog/product/s/i/sia_75.png|Ja|
"Densen B-800 - FM Tuner (Albino)"|densenb800mk3||6999.0000|https://hifi-freaks.se/densen-b-800-fm-tuner-albino.html|Densen|https://hifi-freaks.se/media/catalog/product/d/e/densen-b800-tuner.jpg|Ja|
"Tannoy XT6 (Demo, svart)"|tannoyxt6-black|Lagerrensning|6499.0000|https://hifi-freaks.se/tannoy-xt6-demo-svart.html||https://hifi-freaks.se/media/catalog/product/a/l/altavoces-tannoy-revolution-xt6.jpg|Ja|
"Tannoy XT6 (Demo, vit)"|tannoyxt6vit|Lagerrensning|6499.0000|https://hifi-freaks.se/tannoy-xt6-demo-vit.html||https://hifi-freaks.se/media/catalog/product/p/a/pairrevolution-xt-6-gw_p0d9w_front2.jpg|Ja|
"QUAD Artera Solus (Demo, svart)"|quad-artera-solus-bstock-svart||12499.0000|https://hifi-freaks.se/quad-artera-solus-demo-svart.html|Quad|https://hifi-freaks.se/media/catalog/product/s/c/screen-shot-2018-02-02-at-10.44.53.jpg|Ja|
"QUAD QII-Forty (demo)"|quad-qii-fortydemo|Lagerrensning|19999.0000|https://hifi-freaks.se/quad-qii-forty-1323.html|Quad|https://hifi-freaks.se/media/catalog/product/i/i/ii-forty_20150401123206_126_1.jpg|Ja|
"Densen B-475 (demo, albino)"|densenb475albino|Lagerrensning|36999.0000|https://hifi-freaks.se/densen-b-477.html|Densen|https://hifi-freaks.se/media/catalog/product/s/e/set_no_bg_small_1.jpg|Ja|
"Densen B-275"|densenb275albino|Lagerrensning|39999.0000|https://hifi-freaks.se/densen-b-481.html|Densen|https://hifi-freaks.se/media/catalog/product/b/-/b-275_2nrg_angle_fritlagt_1.jpg|Ja|
"8300A Svart b stock"|Secret-price2||6999.0000|https://hifi-freaks.se/secret-price2.html||https://hifi-freaks.se/media/catalog/product/no_selection|Ja|
"Cambridge Audio Azur 851C (Demo, svart)"|851C-demo-svart|Lagerrensning|11999.0000|https://hifi-freaks.se/cambridge-azur-851c-1328.html|"Cambridge Audio"|https://hifi-freaks.se/media/catalog/product/c/a/cam851cbk_1_1.jpg|Ja|
"Densen B-175 (Svart)"|densen-b-175bstock|"Stereo / Förstärkare"|34999.0000|https://hifi-freaks.se/densen-b-175bstock.html|Densen|https://hifi-freaks.se/media/catalog/product/d/e/densen_b-150-plus-xs_1_1.jpg|Ja|
